<?xml version="1.0" encoding="UTF-8"?>
<!DOCTYPE Report>
<ReportView version="2.0">
    <Implement name="Freq200">
        <ToolReport id="tooldec" path="" status="0"/>
        <ToolReport id="toolhle_genhierarchy" path="" status="0"/>
        <ToolReport id="toolpio" path="" status="0"/>
        <ToolReport id="toolsso" path="" status="0"/>
    </Implement>
    <Implement name="lm32_platA">
        <ToolReport id="tooldec" path="" status="0"/>
        <ToolReport id="toolhle_genhierarchy" path="D:/bartz/Documents/Lattice/TrigLUT/lm32_ECP3/lm32_plata/hdla_gen_hierarchy.html" status="1"/>
        <ToolReport id="toolpio" path="" status="0"/>
        <ToolReport id="toolsso" path="" status="0"/>
    </Implement>
</ReportView>
